x,y,z,elevation,aspect,slope,twi
-101.375,37.125,0.112136401,960,1.435353398,0.002797498,15.34677887
-101.125,37.125,0.160304278,911,1.291842222,0.002738319,14.13932228
-100.875,37.125,0.184895456,863,1.106565714,0.004054314,12.84991264
-100.625,37.125,0.179962367,824,1.786905527,0.001116421,16.59255981
-100.375,37.125,0.253062993,725,3.82222867,0.015135827,13.63550186
-100.125,37.125,0.223736078,685,0.904822052,0.008981762,12.61599541
-99.875,37.125,0.194918543,601,1.587635279,0.0039001,14.83488941
-99.625,37.125,0.203551516,570,4.469157219,0.006361207,13.2807579
-99.375,37.125,0.215123102,595,0.850319266,0.006209282,12.05208874
-99.125,37.125,0.22779347,549,2.717559814,0.010043281,11.19626141
-98.875,37.125,0.28030771,539,1.363675356,0.020995563,10.35043907
-98.625,37.125,0.255047947,463,3.597539186,0.011336271,11.33320236
-98.375,37.125,0.252837211,417,2.689790487,0.0075303,13.69026566
-98.125,37.125,0.263091266,417,1.437476873,0.003795959,12.50340271
-97.875,37.125,0.279355437,387,4.118303299,0.002827688,13.69910622
-97.625,37.125,0.286146253,359,1.261405706,0.006685648,12.22886848
-97.375,37.125,0.280205935,369,3.080837727,0.003831952,12.40279198
-97.125,37.125,0.292369694,337,3.751395226,0.001691105,13.71571732
-96.875,37.125,0.317031592,360,2.3364048,0.011866746,12.65169907
-96.625,37.125,0.322561711,410,1.434134007,0.026394289,10.4931097
-96.375,37.125,0.316339165,299,4.074942112,0.009007785,13.78362846
-96.125,37.125,0.298803091,266,1.206142426,0.014412634,12.03497314
-95.875,37.125,0.325452596,275,3.741108656,0.013061995,10.87926674
-95.625,37.125,0.327573329,223,2.578156233,0.004933702,18.11609268
-95.375,37.125,0.32963109,267,4.857908726,0.006912049,12.11552143
-95.125,37.125,0.327277005,253,4.309252262,0.005336788,12.29317951
-94.875,37.125,0.330531985,269,3.897537947,0.00400418,13.21047401
-94.625,37.125,0.347308874,263,4.067527294,0.011832953,14.76092815
-94.375,37.125,0.352569342,298,3.742095709,0.012382464,13.0492382
-94.125,37.125,0.338889688,335,1.160075903,0.010345409,11.38648319
-101.375,36.875,0.23228845,949,1.975674629,0.002711755,15.54094028
-101.125,36.875,0.157209173,889,2.542521954,0.004571613,15.20115852
-100.875,36.875,0.193501621,838,2.006236792,0.002748719,16.67907906
-100.625,36.875,0.18298994,791,5.721837521,0.003712558,14.24073315
-100.375,36.875,0.188063443,782,3.228179216,0.010142243,11.75537205
-100.125,36.875,0.194715098,701,1.440070033,0.013795086,13.17068863
-99.875,36.875,0.20135276,646,2.651170254,0.006173988,15.1699295
-99.625,36.875,0.209392264,570,2.848125219,0.010464783,12.58645725
-99.375,36.875,0.202798203,499,2.754575253,0.007726416,19.51531219
-99.125,36.875,0.226919085,547,2.604135513,0.007679448,14.41857624
-98.875,36.875,0.285999447,532,1.719427466,0.00943806,11.19400311
-98.625,36.875,0.25240615,408,1.24497056,0.006887226,12.86786366
-98.375,36.875,0.256115496,365,2.043492794,0.001510197,18.2420063
-98.125,36.875,0.15316841,425,1.705948591,0.007116349,11.39947796
-97.875,36.875,0.27849108,343,3.236219168,0.0031698,13.19575119
-97.625,36.875,0.285927862,356,2.693670511,0.003039579,12.2722168
-97.375,36.875,0.275451154,332,2.205659389,0.005567813,11.75138283
-97.125,36.875,0.291268706,340,1.993563175,0.007107343,12.14039612
-96.875,36.875,0.329497248,345,3.22244668,0.004681015,11.97862339
-96.625,36.875,0.346533984,370,2.906449556,0.008129118,11.40368938
-96.375,36.875,0.344043702,304,0.626038253,0.01350673,12.28523636
-96.125,36.875,0.281279415,252,2.049544811,0.008187847,11.47790527
-95.875,36.875,0.333254278,257,4.92280674,0.011076692,10.71959209
-95.625,36.875,0.337534904,220,0.75291574,0.005388316,12.63168049
-95.375,36.875,0.343858153,244,4.424529552,0.002873971,12.16461754
-95.125,36.875,0.33583051,250,4.29796648,0.004203197,12.78968334
-94.875,36.875,0.322706252,240,2.498761892,0.003188267,11.96034145
-94.625,36.875,0.307502776,300,4.0468297,0.009122604,14.4422121
-94.375,36.875,0.34854722,319,1.853403091,0.013935344,14.77003288
-94.125,36.875,0.347143799,372,0.349438936,0.008442295,12.3021965
-101.375,36.625,0.187090546,928,2.62420845,0.006580479,13.48623848
-101.125,36.625,0.176940709,858,0.412326276,0.008093925,13.11066341
-100.875,36.625,0.201450303,851,5.217883587,0.01112561,11.2219162
-100.625,36.625,0.233337417,851,4.716400146,0.01003087,11.24268627
-100.375,36.625,0.230480254,794,5.812412262,0.011095352,13.40302753
-100.125,36.625,0.19779852,726,5.804471016,0.012187768,11.55726814
-99.875,36.625,0.196056664,680,1.160538673,0.008076315,11.82431126
-99.625,36.625,0.197103739,643,3.471601963,0.009970769,11.6060791
-99.375,36.625,0.204691559,587,0.609772444,0.012609342,13.40644741
-99.125,36.625,0.266884714,524,1.995743752,0.005389288,12.54918861
-98.875,36.625,0.149119467,467,2.199759245,0.008050022,12.63417244
-98.625,36.625,0.141894802,427,2.150394201,0.002778803,14.80919075
-98.375,36.625,0.25108999,389,4.816504002,0.007512873,11.22943783
-98.125,36.625,0.242632106,379,5.597224236,0.007288213,12.46591282
-97.875,36.625,0.259650975,335,3.449703693,0.002930522,13.5243845
-97.625,36.625,0.272706032,321,3.169444323,0.006037975,11.44279289
-97.375,36.625,0.277600139,310,0.752566099,0.006771774,11.88573647
-97.125,36.625,0.286052585,283,1.893097758,0.002930541,21.00688744
-96.875,36.625,0.304217368,311,4.36299181,0.008477856,11.47408772
-96.625,36.625,0.311593682,330,4.278647423,0.013900034,11.35115719
-96.375,36.625,0.271159381,281,4.475391865,0.014737638,12.34468842
-96.125,36.625,0.275119543,294,4.58424139,0.008575903,11.06300449
-95.875,36.625,0.332853049,195,1.59872067,0.003266844,18.97037315
-95.625,36.625,0.338036984,217,5.299076557,0.003439738,12.80856133
-95.375,36.625,0.340813428,244,2.815620899,0.008301456,13.27288628
-95.125,36.625,0.339115202,214,2.688973665,1.16E-05,16.37708282
-94.875,36.625,0.325003594,233,5.174798965,0.005898367,13.47273636
-94.625,36.625,0.31041044,246,3.188311338,0.014905286,15.74729347
-94.375,36.625,0.305735916,335,2.453773737,0.02020273,10.94918728
-94.125,36.625,0.319252998,342,4.856228352,0.021398034,14.67446136
-101.375,36.375,0.192198724,960,1.522128224,0.003365218,14.40861034
-101.125,36.375,0.171580613,906,5.575648308,0.017970262,11.59725857
-100.875,36.375,0.230441004,904,1.413179636,0.002167203,14.79964828
-100.625,36.375,0.234994486,877,1.150999784,0.00203864,12.56624699
-100.375,36.375,0.226640269,809,5.080947399,0.01115491,13.75669384
-100.125,36.375,0.216666222,759,3.478869915,0.006527219,12.24923992
-99.875,36.375,0.185752332,722,1.01714325,0.011376094,12.83419514
-99.625,36.375,0.182500631,638,6.027819157,0.007118595,15.55528736
-99.375,36.375,0.185318291,635,1.059801102,0.00747323,11.40495777
-99.125,36.375,0.133820638,586,4.552164555,0.006166693,11.89579487
-98.875,36.375,0.268400878,507,1.756095052,0.011968573,11.68390083
-98.625,36.375,0.159064472,399,0.55459857,0.004598538,13.93283653
-98.375,36.375,0.159307972,402,3.91422224,0.003140585,13.46979713
-98.125,36.375,0.238162994,398,3.481458664,0.005106669,11.44639301
-97.875,36.375,0.253804386,378,3.007042646,0.003106083,15.70186329
-97.625,36.375,0.262422353,337,0.743755877,0.002112441,17.67704964
-97.375,36.375,0.280870825,324,5.08856535,0.006197249,11.55373096
-97.125,36.375,0.279416621,310,3.29761076,0.004745398,12.11384392
-96.875,36.375,0.294984132,283,3.511328936,0.008842665,12.3731823
-96.625,36.375,0.30156514,249,0.377208352,0.009795542,11.97331715
-96.375,36.375,0.268274784,247,1.788075566,0.013534064,12.45071888
-96.125,36.375,0.255822778,262,4.126006603,0.01311455,11.11088181
-95.875,36.375,0.345709741,199,1.151249647,0.004605556,12.3359623
-95.625,36.375,0.350565314,205,5.71183157,0.009804836,11.56447029
-95.375,36.375,0.338062614,212,2.055012941,0.013820103,11.46342182
-95.125,36.375,0.334468782,196,1.565748453,0.014030571,19.77764511
-94.875,36.375,0.319553584,291,3.480037451,0.025094433,11.34669971
-94.625,36.375,0.31814006,328,2.192307711,0.00195394,13.14839077
-94.375,36.375,0.300906092,399,0.512556672,0.008496174,11.62697983
-94.125,36.375,0.345396876,395,5.603252411,0.011050675,11.43109989
-101.375,36.125,0.228985474,978,1.036014915,0.002681992,14.20038891
-101.125,36.125,0.22944665,945,1.456122398,0.002598716,13.94080925
-100.875,36.125,0.232570231,925,1.177820086,0.002799005,12.83420753
-100.625,36.125,0.188086972,877,1.152729154,0.005045572,11.89277458
-100.375,36.125,0.190058798,824,4.727046013,0.008215912,11.79055214
-100.125,36.125,0.116199709,791,4.06986618,0.006515054,11.01087284
-99.875,36.125,0.186422348,740,2.39880228,0.012374566,12.82271767
-99.625,36.125,0.138400197,760,3.481874466,0.003502589,12.0840683
-99.375,36.125,0.141426995,693,2.941142559,0.016650164,11.69180775
-99.125,36.125,0.215001404,583,1.766241074,0.006743259,11.67358398
-98.875,36.125,0.1370278,540,0.313549012,0.010032251,12.30257988
-98.625,36.125,0.14979884,496,0.481500059,0.007694212,12.42133808
-98.375,36.125,0.245614097,378,0.957963645,0.003272941,14.78452015
-98.125,36.125,0.225874126,356,4.088122845,0.004959691,14.43593025
-97.875,36.125,0.24926576,354,1.689816475,0.00310511,12.62624454
-97.625,36.125,0.259965539,316,3.866503239,0.005986955,12.26217747
-97.375,36.125,0.294877529,331,4.81085825,0.011111709,11.45193577
-97.125,36.125,0.287461638,276,3.474903822,0.006153976,13.47501087
-96.875,36.125,0.298852354,269,4.729456902,0.00375086,17.09020996
-96.625,36.125,0.336314589,273,2.507347584,0.005026236,11.47148991
-96.375,36.125,0.281573206,259,0.926249087,0.011382469,10.72737694
-96.125,36.125,0.286737233,199,3.725601912,0.008775151,21.57494926
-95.875,36.125,0.35312748,201,1.25118947,0.007629314,14.01128769
-95.625,36.125,0.310699046,167,3.195767879,0.001209948,16.23200226
-95.375,36.125,0.344412863,183,0.774865091,0.001242442,15.12865353
-95.125,36.125,0.348449528,271,0.076680668,0.015004818,10.24902153
-94.875,36.125,0.330658525,334,1.999533772,0.017488729,10.86466789
-94.625,36.125,0.323460966,295,5.724849701,0.017974911,15.48657513
-94.375,36.125,0.339878798,340,1.109930038,0.019598881,12.59433174
-94.125,36.125,0.348231524,387,4.352498055,0.00694065,12.60155964
-101.375,35.875,0.182995766,937,1.410660148,0.011525812,12.74374294
-101.125,35.875,0.115863994,803,5.396225929,0.011734781,14.70275402
-100.875,35.875,0.193132848,833,1.526670933,0.020230828,11.85306358
-100.625,35.875,0.196436107,815,2.332940817,0.020542545,14.14025211
-100.375,35.875,0.196661353,775,0.532100141,0.011512134,11.31267548
-100.125,35.875,0.126469895,712,3.169378281,0.01175753,12.24852371
-99.875,35.875,0.199779227,748,3.057832479,0.009313353,11.27324677
-99.625,35.875,0.149333403,662,3.234810829,0.009416232,12.58224487
-99.375,35.875,0.217151195,646,2.732215405,0.014642739,11.25279903
-99.125,35.875,0.226950556,542,2.830293655,0.010084362,19.64984322
-98.875,35.875,0.232581228,574,1.594504237,0.009949412,11.37596321
-98.625,35.875,0.211061582,565,2.000636339,0.004160703,11.88766575
-98.375,35.875,0.215682417,483,3.618109941,0.00219962,12.82649231
-98.125,35.875,0.249310538,359,3.408960581,0.006378429,12.39910221
-97.875,35.875,0.242151871,338,5.673689842,0.009094473,11.47025681
-97.625,35.875,0.247386098,294,0.108484156,0.003509307,14.42098427
-97.375,35.875,0.246453285,327,5.069469452,0.012679989,12.17192554
-97.125,35.875,0.26060015,311,0.796564817,0.008167668,12.03482151
-96.875,35.875,0.287917703,287,3.349993229,0.005511419,14.9204073
-96.625,35.875,0.258114547,278,0.968662381,0.007321842,14.62657833
-96.375,35.875,0.26725781,273,4.321696758,0.010450425,10.83039951
-96.125,35.875,0.280858189,258,6.048726082,0.018746946,11.07084751
-95.875,35.875,0.347932428,186,4.532979488,0.006386629,16.64288139
-95.625,35.875,0.360646456,171,3.602228403,0.000501965,14.54211426
-95.375,35.875,0.342928678,159,3.62127161,1.8E-06,17.01593781
-95.125,35.875,0.292634428,260,4.176472664,0.012142831,10.58528137
-94.875,35.875,0.321220577,266,5.568117142,0.035834022,9.938627243
-94.625,35.875,0.319791436,326,4.279963493,0.014384669,12.38817692
-94.375,35.875,0.291763991,446,5.016198158,0.054685187,10.41739655
-94.125,35.875,0.288907498,484,4.227677345,0.034481879,13.38388729
-101.375,35.625,0.180681914,947,1.685972095,0.016689427,10.88938618
-101.125,35.625,0.19119516,918,0.912210524,0.012683252,15.50431061
-100.875,35.625,0.245432451,973,3.697073936,0.002662623,12.0062151
-100.625,35.625,0.200822055,924,1.132896781,0.003472556,14.03811073
-100.375,35.625,0.20583269,835,2.165387154,0.010053299,10.95881176
-100.125,35.625,0.165832207,777,1.666607141,0.006577861,14.38148212
-99.875,35.625,0.158475265,724,5.434391499,0.015796704,11.12416744
-99.625,35.625,0.226472512,595,1.794029951,0.014040006,11.48022652
-99.375,35.625,0.229828343,556,2.656824827,0.009859195,11.13297749
-99.125,35.625,0.231939882,525,0.992229879,0.007912278,11.87259865
-98.875,35.625,0.286909819,522,3.232114315,0.003104432,12.36253548
-98.625,35.625,0.257512778,522,2.646462202,0.005680147,11.67059422
-98.375,35.625,0.228322491,474,1.820590734,0.009526913,13.03970337
-98.125,35.625,0.266996056,417,0.924138069,0.002690268,13.95602417
-97.875,35.625,0.266921163,378,1.412440062,0.00653263,13.04445553
-97.625,35.625,0.298564464,344,0.826984823,0.006010437,11.76845264
-97.375,35.625,0.260646313,322,6.018491268,0.01132203,12.17903423
-97.125,35.625,0.259323806,298,1.588438153,0.012190114,11.82982731
-96.875,35.625,0.257114798,276,2.244430065,0.006996094,11.25607967
-96.625,35.625,0.244260907,258,6.035600185,0.007723499,12.47993851
-96.375,35.625,0.239476711,243,5.369138241,0.007153016,10.73890972
-96.125,35.625,0.295715809,237,5.280745506,0.012255919,11.55123806
-95.875,35.625,0.313450575,210,4.892746449,0.004654688,13.93999863
-95.625,35.625,0.343626708,197,3.548372984,0.004577396,14.59215069
-95.375,35.625,0.349479169,171,1.597032666,0.007102638,13.53963375
-95.125,35.625,0.292058378,230,3.73235321,0.014130166,11.65582943
-94.875,35.625,0.296817183,332,4.535868168,0.017603053,11.58630276
-94.625,35.625,0.306444556,303,4.042423248,0.028979914,11.0431366
-94.375,35.625,0.287295073,324,2.865509987,0.022073817,10.14770603
-94.125,35.625,0.300064147,350,3.157080412,0.026640261,12.08856487
-101.375,35.375,0.226784855,1053,1.394662738,0.004006833,14.08235455
-101.125,35.375,0.240488514,1015,1.897067785,0.002452673,12.89651585
-100.875,35.375,0.195075154,962,1.332389832,0.008362876,10.95929527
-100.625,35.375,0.170302063,829,0.440715164,0.014142426,11.93371582
-100.375,35.375,0.163043946,715,0.725386798,0.009300751,13.41485977
-100.125,35.375,0.167075589,686,1.625908852,0.006745525,13.98608208
-99.875,35.375,0.166069701,618,2.255416393,0.007500099,14.69823837
-99.625,35.375,0.256733209,617,3.229686022,0.009398291,11.0969677
-99.375,35.375,0.219047949,577,3.940213919,0.008488928,13.36787128
-99.125,35.375,0.246268839,528,1.058148742,0.010878326,13.19819355
-98.875,35.375,0.254885107,453,1.039640069,0.013540732,12.69708157
-98.625,35.375,0.264988899,480,2.664588451,0.013730175,10.60354042
-98.375,35.375,0.226504385,427,1.158503175,0.010606554,14.43390942
-98.125,35.375,0.239479735,441,3.37634182,0.016191717,11.49239254
-97.875,35.375,0.290756881,384,3.128806353,0.006125104,14.74366188
-97.625,35.375,0.307420343,380,3.210068226,0.004682063,12.91435146
-97.375,35.375,0.270892054,368,2.309689283,0.004019062,14.72878075
-97.125,35.375,0.271786749,349,1.656821609,0.005892023,11.74539852
-96.875,35.375,0.300099015,314,1.107996821,0.008820389,11.3061142
-96.625,35.375,0.257140577,289,5.503435612,0.005197109,11.83744431
-96.375,35.375,0.24092041,244,0.945363939,0.010300322,11.95964527
-96.125,35.375,0.254693955,250,4.07911396,0.011970063,10.82891273
-95.875,35.375,0.277627021,223,3.492063522,0.017526748,10.86664009
-95.625,35.375,0.281169236,179,2.059791803,1.77E-06,14.84539795
-95.375,35.375,0.347033918,213,3.693056107,0.027369812,10.14495182
-95.125,35.375,0.28991434,144,4.373261929,0.008603102,16.60983086
-94.875,35.375,0.336286068,142,3.142338037,0.002185198,20.13582039
-94.625,35.375,0.344258726,138,4.129401207,0.003685792,16.12913895
-94.375,35.375,0.355816722,150,0.908163846,0.012072925,11.53674507
-94.125,35.375,0.355807066,118,5.497690678,1.46E-06,16.59476471
-101.375,35.125,0.225757644,1036,2.148449898,0.002461811,19.01847839
-101.125,35.125,0.17785266,935,4.059010983,0.010750161,12.92264462
-100.875,35.125,0.214695826,897,1.673628926,0.0176367,11.83819199
-100.625,35.125,0.217783973,790,2.352530479,0.020514864,11.55349064
-100.375,35.125,0.254168034,701,4.198445797,0.011388063,14.57307148
-100.125,35.125,0.259976685,605,2.946434736,0.01064737,12.61710453
-99.875,35.125,0.267345726,611,2.568086863,0.016220139,12.15344715
-99.625,35.125,0.144100502,523,3.424095869,0.00652169,14.36659527
-99.375,35.125,0.219807044,531,3.364852428,0.013255253,11.34544563
-99.125,35.125,0.220279157,496,2.723315954,0.005117915,12.75653076
-98.875,35.125,0.228393957,457,3.140062571,0.007064709,12.44904613
-98.625,35.125,0.234929264,411,3.605125904,0.01243113,11.29310799
-98.375,35.125,0.182894468,405,2.793931723,0.012623133,11.8885746
-98.125,35.125,0.213319957,364,3.440313578,0.014303058,11.47159481
-97.875,35.125,0.240140915,371,2.785724878,0.00583643,11.76225376
-97.625,35.125,0.24474898,360,2.77572155,0.009272541,12.82290649
-97.375,35.125,0.25470832,349,3.368914843,0.006711168,12.24865723
-97.125,35.125,0.253898948,323,1.786251187,0.011888773,12.02339458
-96.875,35.125,0.255209267,292,1.390484214,0.01029665,12.0283308
-96.625,35.125,0.252519995,267,4.112929344,0.005018368,12.41395664
-96.375,35.125,0.292988837,246,0.517757297,0.003004743,16.20697975
-96.125,35.125,0.280120134,250,1.879361987,0.019408543,11.33524704
-95.875,35.125,0.290068209,226,3.103551388,0.005859961,12.47850227
-95.625,35.125,0.283200651,188,1.068203688,0.014242493,14.59993744
-95.375,35.125,0.290103287,189,5.282820702,0.007576359,14.7625494
-95.125,35.125,0.350278229,175,2.95362258,0.006890018,11.19100285
-94.875,35.125,0.288392037,154,1.044718266,0.004721363,14.9473629
-94.625,35.125,0.351961404,132,3.200562,0.002573138,18.66057014
-94.375,35.125,0.359636366,178,2.552137613,0.019261729,12.79651546
-94.125,35.125,0.336728543,203,2.681890488,0.016026154,13.06095791
-101.375,34.875,0.205735996,826,3.907616138,0.035958707,12.87339973
-101.125,34.875,0.208265617,799,1.670508265,0.011161893,13.82001209
-100.875,34.875,0.221897691,871,2.822532415,0.004686852,11.60028839
-100.625,34.875,0.128682807,788,0.793106735,0.006420658,11.89033318
-100.375,34.875,0.129264355,653,2.824813366,0.012549191,12.02191353
-100.125,34.875,0.184923768,607,3.462532759,0.009388325,12.37483215
-99.875,34.875,0.238888577,560,3.243198156,0.009965692,12.71163559
-99.625,34.875,0.236021072,520,2.65680933,0.003596843,14.52572346
-99.375,34.875,0.123446681,468,0.767606318,0.009038561,12.10730076
-99.125,34.875,0.248572692,443,2.28104496,0.004771388,16.11142921
-98.875,34.875,0.26245743,466,3.57915163,0.008993046,13.12864017
-98.625,34.875,0.291316748,603,2.291377306,0.014091225,10.34965229
-98.375,34.875,0.237315685,382,1.794805408,0.004617787,15.70072079
-98.125,34.875,0.201868787,414,3.268722534,0.010803388,11.07196426
-97.875,34.875,0.231254891,356,1.177927494,0.010909376,14.74716282
-97.625,34.875,0.245430663,334,2.471870422,0.010670601,10.82750702
-97.375,34.875,0.285946071,301,4.020280361,0.005115493,15.30413151
-97.125,34.875,0.285729975,314,3.214093208,0.008041229,12.27897644
-96.875,34.875,0.209420994,309,1.655152202,0.005725296,15.42551994
-96.625,34.875,0.281283855,286,4.768378735,0.011943789,11.48724651
-96.375,34.875,0.285618126,263,2.763806105,0.010649567,11.27071476
-96.125,34.875,0.281577736,254,4.152574539,0.012131356,11.59907818
-95.875,34.875,0.281854659,243,5.704645157,0.011830366,10.82668877
-95.625,34.875,0.28706193,206,3.41841507,0.014220713,11.36167908
-95.375,34.875,0.306118727,263,3.362477541,0.025832985,10.04020023
-95.125,34.875,0.302920043,241,5.65445137,0.015354732,11.02723598
-94.875,34.875,0.305339217,204,1.017127395,0.029301099,11.16406631
-94.625,34.875,0.294612527,190,1.761403084,0.014959775,10.43423462
-94.375,34.875,0.312710136,238,5.481305122,0.033539031,10.49689484
-94.125,34.875,0.300882131,209,5.511969566,0.013372546,14.09660816
-101.375,34.625,0.217958435,897,2.161610126,0.101658985,11.49632549
-101.125,34.625,0.188458189,693,3.056572914,0.02050907,15.68059158
-100.875,34.625,0.206692576,621,1.634554267,0.005704687,19.41560555
-100.625,34.625,0.23583366,596,2.470185757,0.006651925,14.08133507
-100.375,34.625,0.208013684,554,3.780731201,0.007878251,13.22507763
-100.125,34.625,0.213283375,513,3.2805233,0.004709175,14.80520248
-99.875,34.625,0.260252595,494,2.530977488,0.005504117,12.27165604
-99.625,34.625,0.252213687,441,1.362181902,0.003699244,13.50319481
-99.375,34.625,0.252530783,413,3.974388599,0.002206723,16.12412071
-99.125,34.625,0.149991244,415,2.801546574,0.002963671,12.04526997
-98.875,34.625,0.300999075,394,4.057435036,0.008332031,14.64175415
-98.625,34.625,0.244444907,380,3.424170256,0.005811348,14.15412235
-98.375,34.625,0.217570007,331,2.852660656,0.004710363,17.51631165
-98.125,34.625,0.203652367,347,5.58128643,0.007171509,12.49531364
-97.875,34.625,0.233991861,386,2.91052866,0.007851206,11.18110847
-97.625,34.625,0.239416093,359,4.279877186,0.006182434,12.24923515
-97.375,34.625,0.283628225,315,4.288324833,0.007442416,11.08892155
-97.125,34.625,0.350573629,278,4.337903976,0.006340291,14.40944862
-96.875,34.625,0.304893702,383,5.156840324,0.008401853,12.20778847
-96.625,34.625,0.292024732,245,1.53979671,0.012460185,13.49994278
-96.375,34.625,0.311878175,208,4.003880501,0.006098748,12.38083553
-96.125,34.625,0.325345635,195,5.902499676,0.006735329,13.22566414
-95.875,34.625,0.301573634,250,3.847514391,0.014834325,12.287467
-95.625,34.625,0.318490505,266,5.266075134,0.086009398,9.914287567
-95.375,34.625,0.301860571,406,0.527262628,0.083254613,8.632863045
-95.125,34.625,0.318138391,195,6.083669662,0.057462756,13.55529594
-94.875,34.625,0.301914215,530,3.694103718,0.04313118,10.14022541
-94.625,34.625,0.298603594,397,6.213598728,0.137351781,8.75919342
-94.375,34.625,0.286128461,309,4.260698318,0.011775444,13.93322945
-94.125,34.625,0.290261894,317,4.047191143,0.010912325,12.9849596
-101.375,34.375,0.221102029,1002,2.213949203,0.001835448,12.99648952
-101.125,34.375,0.177301347,850,2.809647083,0.021864478,12.07202721
-100.875,34.375,0.196941137,708,3.944741488,0.006555757,13.82320595
-100.625,34.375,0.220768183,639,3.949108601,0.011567221,11.13668156
-100.375,34.375,0.161746517,578,2.169758081,0.004881563,12.79228878
-100.125,34.375,0.216982231,527,4.828651905,0.007586447,12.9776392
-99.875,34.375,0.266813129,487,1.421373129,0.005632927,11.3504982
-99.625,34.375,0.280545115,426,2.051543951,0.006987777,17.43393898
-99.375,34.375,0.157970876,413,5.279340744,0.002165775,14.80459023
-99.125,34.375,0.223014176,396,3.999463081,0.005623849,12.79606915
-98.875,34.375,0.28606686,346,2.47279644,0.00308266,15.24353313
-98.625,34.375,0.285364598,330,2.028032541,0.003296216,13.56195927
-98.375,34.375,0.283041835,332,3.190589666,0.004091972,11.56783581
-98.125,34.375,0.258084983,320,3.085476875,0.005467761,11.16718388
-97.875,34.375,0.265600741,326,1.634461522,0.004177302,11.4069643
-97.625,34.375,0.247453362,322,4.585907936,0.018740764,11.60777378
-97.375,34.375,0.275922388,294,3.346741199,0.007359896,13.37208748
-97.125,34.375,0.324558049,372,1.836334348,0.003819264,12.2933569
-96.875,34.375,0.309340566,336,3.144816637,0.004227913,12.09383106
-96.625,34.375,0.310113847,279,2.658592701,0.006572254,14.05777168
-96.375,34.375,0.279167026,202,1.156474471,0.013990931,11.18265629
-96.125,34.375,0.292721301,186,2.353238821,0.005632973,11.97830868
-95.875,34.375,0.317311525,195,4.532141209,0.003403796,16.88123512
-95.625,34.375,0.314342439,248,2.178647041,0.042809524,9.89763546
-95.375,34.375,0.306602299,197,2.690573692,0.025314804,14.61112404
-95.125,34.375,0.311347991,314,3.635337114,0.022799369,9.970654488
-94.875,34.375,0.298775047,223,1.934306383,0.005240831,14.23573208
-94.625,34.375,0.286049932,234,0.521469235,0.009133846,18.14050484
-94.375,34.375,0.293525875,338,5.903813839,0.013443045,11.41024876
-94.125,34.375,0.290860981,343,3.906471968,0.018041527,11.3514986
-101.375,34.125,0.214421347,997,3.121774673,0.000659075,13.42058086
-101.125,34.125,0.223879218,949,3.164230824,0.001803499,16.48514938
-100.875,34.125,0.18367669,731,1.978822708,0.004168929,13.30611992
-100.625,34.125,0.228252441,637,2.713646412,0.009620003,12.99207115
-100.375,34.125,0.109249935,560,5.413452625,0.018152252,11.46644306
-100.125,34.125,0.266393453,540,5.864657402,0.005082165,13.35441589
-99.875,34.125,0.297872782,495,2.200408697,0.012718848,12.00702572
-99.625,34.125,0.290269166,417,3.378243208,0.007341907,14.17481613
-99.375,34.125,0.179456532,377,5.703204155,0.005196381,15.84643745
-99.125,34.125,0.289445847,386,5.243044376,0.003886134,11.96054173
-98.875,34.125,0.294563353,339,1.327096105,0.005135737,12.44526005
-98.625,34.125,0.270066082,327,2.843814373,0.004297372,11.94636345
-98.375,34.125,0.253289849,297,4.111221313,0.004907139,11.68463612
-98.125,34.125,0.255560696,269,1.762963533,0.004063595,12.80779839
-97.875,34.125,0.253439844,277,2.121890068,0.006880414,12.04540157
-97.625,34.125,0.262437761,269,3.195643902,0.008007568,11.12877464
-97.375,34.125,0.27335,285,5.828279972,0.009137061,10.91073704
-97.125,34.125,0.275870204,243,1.584701538,0.012455569,12.13459969
-96.875,34.125,0.238520384,280,1.972611547,0.009545629,11.05990314
-96.625,34.125,0.380958885,209,4.037752628,0.008641248,13.20798302
-96.375,34.125,0.385292828,193,3.718779802,0.008151658,11.36732864
-96.125,34.125,0.305754572,187,0.746741354,0.009843702,12.80213737
-95.875,34.125,0.303225547,164,3.382756233,0.010044346,10.79463196
-95.625,34.125,0.299156368,182,1.216303468,0.007621869,11.70529938
-95.375,34.125,0.306812078,169,4.49912405,0.01210501,10.49257851
-95.125,34.125,0.306139231,151,3.060231924,0.005695072,11.79326534
-94.875,34.125,0.319553465,145,4.133913994,0.010947526,13.64252853
-94.625,34.125,0.303818882,215,3.751645565,0.012281318,12.5640974
-94.375,34.125,0.306479037,148,4.603278637,0.011025962,12.32868862
-94.125,34.125,0.300394118,185,3.216028929,0.015324656,10.98975468
-101.375,33.875,0.206169993,960,0.536523163,0.00621669,11.88739872
-101.125,33.875,0.215439409,934,2.69025898,0.001056202,16.79361916
-100.875,33.875,0.182113737,798,1.936976552,0.012547569,11.3850975
-100.625,33.875,0.129288182,682,1.063584805,0.015940474,12.54945564
-100.375,33.875,0.13764134,598,1.825502992,0.00576313,12.71740437
-100.125,33.875,0.27523154,565,1.762478709,0.008048577,10.87517548
-99.875,33.875,0.281773001,438,2.279907942,0.00788621,17.94612122
-99.625,33.875,0.279539973,415,2.129850626,0.003389634,15.82835865
-99.375,33.875,0.284686029,370,1.655329108,0.003841743,16.23697662
-99.125,33.875,0.290333658,370,5.41836977,0.003499989,11.75325966
-98.875,33.875,0.286613792,333,3.160744429,0.01394845,10.34295082
-98.625,33.875,0.256369889,311,1.382889628,0.005800975,12.09719181
-98.375,33.875,0.257770896,287,3.819948435,0.004128094,15.40773678
-98.125,33.875,0.247487798,260,1.955111623,0.008923246,11.6362505
-97.875,33.875,0.260765404,254,2.587749958,0.006034391,12.19630051
-97.625,33.875,0.242006972,270,1.181034327,0.008182348,10.94884205
-97.375,33.875,0.272396117,244,2.150046825,0.013704041,11.87816048
-97.125,33.875,0.297446549,246,5.238027096,0.010543478,10.86394596
-96.875,33.875,0.290634751,189,2.283968687,0.001478859,16.65140915
-96.625,33.875,0.295720041,189,1.826904297,0.001709529,13.80349827
-96.375,33.875,0.309845626,185,3.000846386,0.005945391,12.56610489
-96.125,33.875,0.300141364,156,2.624702454,0.005565983,12.40762806
-95.875,33.875,0.30328697,138,3.519940138,0.004764887,16.41613579
-95.625,33.875,0.308682263,158,3.752788067,0.004397308,11.42558479
-95.375,33.875,0.310230494,121,2.790612459,0.002866143,20.60115623
-95.125,33.875,0.369676828,116,2.760140419,0.001114907,16.27371979
-94.875,33.875,0.300231785,121,3.853562117,0.006468386,14.56732464
-94.625,33.875,0.322329283,118,4.368356705,0.004471824,14.84366608
-94.375,33.875,0.356145322,96,3.111896992,0.003917511,13.88206577
-94.125,33.875,0.352323771,151,2.987847328,0.011179952,10.89084911
-101.375,33.625,0.223380774,940,2.092560291,0.00193637,14.34681892
-101.125,33.625,0.225227028,800,3.517138958,0.010553539,19.55311584
-100.875,33.625,0.196344197,775,3.994635344,0.015828427,11.20796394
-100.625,33.625,0.198947296,654,0.925804973,0.009636573,13.60384369
-100.375,33.625,0.21456854,542,2.977469206,0.005531302,16.48461723
-100.125,33.625,0.274943739,496,4.162957668,0.0143426,15.63241863
-99.875,33.625,0.282487214,468,1.966719389,0.018591937,11.45710945
-99.625,33.625,0.234173283,434,5.73589325,0.020126835,10.91434479
-99.375,33.625,0.23689869,421,0.840770125,0.004483765,11.89251614
-99.125,33.625,0.292632818,391,1.446511507,0.006014057,12.26407146
-98.875,33.625,0.298619658,327,5.266037464,0.003996069,13.60421562
-98.625,33.625,0.28548795,304,4.560461998,0.004330326,12.37795162
-98.375,33.625,0.254767209,302,4.545442104,0.005794059,11.5912466
-98.125,33.625,0.253195554,297,4.731244564,0.005767226,14.56489468
-97.875,33.625,0.270523578,306,4.464500904,0.010524164,11.32539368
-97.625,33.625,0.27972436,359,2.048261166,0.006769707,11.27760887
-97.375,33.625,0.342355937,305,3.130357265,0.009160907,11.29849625
-97.125,33.625,0.290394157,227,4.043958664,0.006824324,14.79936314
-96.875,33.625,0.260862142,232,4.365553856,0.00329804,12.60422897
-96.625,33.625,0.321544766,222,0.98766464,0.013109916,13.22728729
-96.375,33.625,0.271538019,191,1.090280056,0.005612231,13.7993784
-96.125,33.625,0.300627917,168,5.093558311,0.007952732,13.58526707
-95.875,33.625,0.401975989,193,0.632035851,0.004792531,12.4012785
-95.625,33.625,0.403103799,165,2.828237534,0.006786033,12.14949322
-95.375,33.625,0.337419093,159,3.505503416,0.003371225,13.34357548
-95.125,33.625,0.334641367,132,2.841176987,0.003825272,14.32227421
-94.875,33.625,0.406354636,130,3.445945024,0.003768747,12.20705795
-94.625,33.625,0.350474566,113,1.158057213,0.001162624,13.92925453
-94.375,33.625,0.398895532,92,1.627684116,0.000734067,17.2365284
-94.125,33.625,0.348578483,91,4.439002514,0.004484821,12.8967762
